,Customer ID,Customer Name,Customer Email,Loyalty Status
0,CG-12520,Claire Gute,ryanmelton@garza-thompson.com,Gold
1,DV-13045,Darrin Van Huff,jennifer08@yahoo.com,Platinum
2,SO-20335,Sean O'Donnell,stephaniealexander@gmail.com,Bronze
3,BH-11710,Brosina Hoffman,andreajackson@yahoo.com,Bronze
4,AA-10480,Andrew Allen,ronald06@petty-lynch.biz,Silver
5,IM-15070,Irene Maddox,christophercastro@moss.info,Silver
6,HP-14815,Harold Pawlan,tina99@hotmail.com,Platinum
7,PK-19075,Pete Kriz,james09@cameron.net,Platinum
8,AG-10270,Alejandro Grove,mhernandez@gmail.com,Platinum
9,ZD-21925,Zuschuss Donatelli,ihenry@yahoo.com,Bronze
10,KB-16585,Ken Black,victorknapp@yahoo.com,Gold
11,SF-20065,Sandra Flanagan,sandra83@goodwin-barnes.org,Bronze
12,EB-13870,Emily Burns,amber82@hotmail.com,Platinum
13,EH-13945,Eric Hoffmann,webercory@yahoo.com,Platinum
14,TB-21520,Tracy Blumstein,smithlinda@hotmail.com,Bronze
15,MA-17560,Matt Abelman,ythomas@page.com,Bronze
16,GH-14485,Gene Hale,danny09@gmail.com,Platinum
17,SN-20710,Steve Nguyen,jacob79@byrd-pacheco.net,Bronze
18,LC-16930,Linda Cazamias,james77@lawson.com,Platinum
19,RA-19885,Ruben Ausman,carl83@yahoo.com,Platinum
20,ES-14080,Erin Smith,ashleycordova@yahoo.com,Bronze
21,ON-18715,Odella Nelson,jcarpenter@gmail.com,Gold
22,PO-18865,Patrick O'Donnell,millerjeffery@clements.info,Silver
23,LH-16900,Lena Hernandez,matthewdavies@hotmail.com,Silver
24,DP-13000,Darren Powers,davidstanley@prince-allen.com,Gold
25,JM-15265,Janet Molinari,melissa79@hotmail.com,Bronze
26,TB-21055,Ted Butterfield,ifitzgerald@murray-zamora.info,Platinum
27,KM-16720,Kunst Miller,apotts@osborn.net,Gold
28,PS-18970,Paul Stevenson,tcantu@gmail.com,Silver
29,BS-11590,Brendan Sweed,cmiller@gmail.com,Silver
30,KD-16270,Karen Daniels,ibarron@munoz-schwartz.org,Silver
31,HM-14980,Henry MacAllister,hancockjackson@hotmail.com,Silver
32,JE-15745,Joel Eaton,durankristi@yahoo.com,Silver
33,KB-16600,Ken Brennan,gregoryharrison@torres.com,Platinum
34,SC-20770,Stewart Carmichael,briannabenson@long-burton.com,Bronze
35,DN-13690,Duane Noonan,andrew66@williams.net,Platinum
36,JC-16105,Julie Creighton,albertvaughn@parrish.com,Gold
37,CS-12400,Christopher Schild,jeffreysanford@gutierrez-ramirez.com,Silver
38,PG-18895,Paul Gonzalez,wagnerlinda@meyer-mcdonald.com,Gold
39,GM-14455,Gary Mitchum,hreeves@cortez.info,Platinum
40,JS-15685,Jim Sink,steven50@hotmail.com,Platinum
41,KB-16315,Karl Braun,wdavidson@scott.com,Silver
42,RB-19705,Roger Barcio,dillonkimberly@hotmail.com,Gold
43,PN-18775,Parhena Norris,wrightjames@carr.com,Silver
44,KD-16345,Katherine Ducich,brianmendoza@yahoo.com,Platinum
45,ER-13855,Elpida Rittenbach,walter25@gmail.com,Platinum
46,RB-19465,Rick Bensley,daviddodson@moreno.info,Silver
47,GZ-14470,Gary Zandusky,beckersusan@espinoza.com,Platinum
48,LC-16870,Lena Cacioppo,ricelori@robertson-palmer.com,Silver
49,JM-15250,Janet Martin,erikakim@fuentes-gallagher.com,Platinum
50,PA-19060,Pete Armstrong,lowezoe@yahoo.com,Platinum
51,CV-12805,Cynthia Voltz,friedmanpatricia@hotmail.com,Gold
52,CL-12565,Clay Ludtke,lopezadam@yahoo.com,Platinum
53,RC-19960,Ryan Crowe,aguilarbeverly@lawrence.com,Platinum
54,DK-13090,Dave Kipp,lwebb@howard.info,Platinum
55,GG-14650,Greg Guthrie,kara30@crawford.com,Bronze
56,SC-20725,Steven Cartwright,nponce@walsh-palmer.info,Bronze
57,AD-10180,Alan Dominguez,nicholaswalker@gmail.com,Bronze
58,PF-19165,Philip Fox,david97@gmail.com,Silver
59,TS-21610,Troy Staebel,tbrown@graham-chapman.com,Platinum
60,LS-16975,Lindsay Shagiari,christopher08@copeland.net,Gold
61,DW-13585,Dorothy Wardle,dmorgan@yahoo.com,Silver
62,LC-16885,Lena Creighton,amanda93@king.com,Silver
63,JD-15895,Jonathan Doherty,gdavis@hotmail.com,Gold
64,SH-19975,Sally Hughsby,maldonadophillip@hotmail.com,Silver
65,SG-20080,Sandra Glassco,ortegaglenn@hotmail.com,Gold
66,HA-14920,Helen Andreada,jacob77@peters-david.com,Silver
67,MG-17680,Maureen Gastineau,robertburton@hotmail.com,Gold
68,JE-16165,Justin Ellison,bishopdanielle@yahoo.com,Bronze
69,TW-21025,Tamara Willingham,guzmanscott@glover.com,Platinum
70,SP-20650,Stephanie Phelps,william27@skinner-gomez.com,Bronze
71,NK-18490,Neil Knudson,wallacepeter@hotmail.com,Silver
72,DB-13060,Dave Brooks,farleylarry@cox.com,Platinum
73,NP-18670,Nora Paige,davidhenderson@montoya.net,Gold
74,TT-21070,Ted Trevino,ulopez@phelps.com,Silver
75,EM-13960,Eric Murdock,arthurtaylor@hotmail.com,Silver
76,RD-19900,Ruben Dartt,samanthafloyd@davis.com,Platinum
77,MJ-17740,Max Jones,davisjohnny@adams.com,Gold
78,BM-11140,Becky Martin,ruiznicholas@yahoo.com,Gold
79,CS-12130,Chad Sievert,katelynjohnson@yahoo.com,Platinum
80,JB-15400,Jennifer Braxton,cgonzalez@hotmail.com,Silver
81,SJ-20500,Shirley Jackson,phelpslinda@davis.net,Platinum
82,JK-15640,Jim Kriz,victoria74@fox-hartman.com,Platinum
83,DK-13150,David Kendrick,uhodge@yahoo.com,Gold
84,RM-19675,Robert Marley,jennifer33@bell.com,Gold
85,SK-19990,Sally Knutson,antonioritter@hotmail.com,Platinum
86,FM-14290,Frank Merwin,russell68@nelson-dean.com,Bronze
87,AM-10360,Alice McCarthy,clane@gardner.com,Bronze
88,MP-17470,Mark Packer,masonmary@fleming.com,Gold
89,MZ-17515,Mary Zewe,charles33@hotmail.com,Bronze
90,CB-12025,Cassandra Brandow,youngwyatt@campbell.com,Bronze
91,VM-21685,Valerie Mitchum,kjarvis@gmail.com,Gold
92,FH-14365,Fred Hopkins,carpenterlonnie@fitzpatrick.com,Gold
93,MB-17305,Maria Bertelson,wmccarthy@anderson.com,Platinum
94,BS-11755,Bruce Stewart,ryanmurphy@sutton.com,Bronze
95,LC-17140,Logan Currie,uparrish@bryant-doyle.com,Silver
96,HK-14890,Heather Kirkland,bradleypaul@gmail.com,Bronze
97,LE-16810,Laurel Elliston,hallbrittany@yahoo.com,Silver
98,JH-15985,Joseph Holt,heathercruz@martinez.info,Silver
99,MS-17980,Michael Stewart,kdudley@carr.com,Platinum
100,VW-21775,Victoria Wilson,kara15@hotmail.com,Silver
101,JH-15910,Jonathan Howell,davisjason@jarvis-green.com,Gold
102,JB-15925,Joni Blumstein,mmann@gmail.com,Platinum
103,DS-13180,David Smith,josephhayden@baker.net,Platinum
104,VD-21670,Valerie Dominguez,ebenitez@yahoo.com,Platinum
105,EA-14035,Erin Ashbrook,qmays@yahoo.com,Bronze
106,DB-13120,David Bremer,andrea17@chavez-miles.info,Bronze
107,KL-16645,Ken Lonsdale,urivera@yahoo.com,Platinum
108,DW-13480,Dianna Wilson,lsmith@gmail.com,Bronze
109,LH-17155,Logan Haushalter,silvalaura@yahoo.com,Gold
110,KC-16540,Kelly Collister,ywood@gmail.com,Silver
111,DL-13315,Delfina Latchford,dianerose@bryant.com,Gold
112,DR-12880,Dan Reichenbach,samuelsilva@hotmail.com,Silver
113,CC-12670,Craig Carreira,psanchez@yahoo.com,Silver
114,Dl-13600,Dorris liebe,christopherriddle@gmail.com,Gold
115,SB-20290,Sean Braxton,paul70@hotmail.com,Gold
116,RC-19825,Roy Collins,ramosandrew@gmail.com,Platinum
117,AH-10210,Alan Hwang,pittmanroberto@yahoo.com,Gold
118,CB-12535,Claudia Bergmann,tknight@white.biz,Platinum
119,CA-12310,Christine Abelman,tammy06@gmail.com,Platinum
120,KH-16690,Kristen Hastings,williamsmonique@payne.com,Silver
121,BB-10990,Barry Blumstein,charles29@hotmail.com,Gold
122,AG-10495,Andrew Gjertsen,shelbynielsen@williams.com,Platinum
123,JO-15280,Jas O'Carroll,qmccarty@hotmail.com,Bronze
124,AH-10195,Alan Haines,simpsonlawrence@yahoo.com,Platinum
125,NZ-18565,Nick Zandusky,christiansnyder@hamilton-norris.com,Platinum
126,KL-16555,Kelly Lampkin,jenniferklein@gmail.com,Gold
127,AS-10225,Alan Schoenberger,antoniomcdonald@yahoo.com,Gold
128,CR-12625,Corey Roper,jsanchez@fisher-nunez.com,Gold
129,SH-20395,Shahid Hopkins,gbrown@bowman.com,Platinum
130,BP-11185,Ben Peterman,oevans@phillips.com,Bronze
131,TS-21205,Thomas Seio,aprilwilliams@yahoo.com,Platinum
132,AG-10525,Andy Gerbode,fisherlauren@gmail.com,Platinum
133,SP-20860,Sung Pak,kelly62@yahoo.com,Bronze
134,NM-18445,Nathan Mautz,jennifer18@hotmail.com,Silver
135,FA-14230,Frank Atkinson,frederick95@gmail.com,Bronze
136,GK-14620,Grace Kelly,perezkristen@hotmail.com,Silver
137,DJ-13510,Don Jones,garciamatthew@jimenez.com,Bronze
138,PO-18850,Patrick O'Brill,nmurray@harris.org,Silver
139,JL-15850,John Lucas,william29@gmail.com,Platinum
140,DB-13615,Doug Bickford,claytonbrown@yahoo.com,Gold
141,AC-10420,Alyssa Crouse,qfernandez@hotmail.com,Gold
142,CC-12550,Clay Cheatham,adam62@davis.biz,Silver
143,TD-20995,Tamara Dahlen,dalton71@bryan-wagner.info,Silver
144,AB-10060,Adam Bellavance,gmckay@lopez.net,Bronze
145,JL-15505,Jeremy Lonsdale,jennifer31@gmail.com,Platinum
146,VB-21745,Victoria Brennan,harveyjohn@hotmail.com,Silver
147,KW-16435,Katrina Willman,carlsonwayne@lopez.com,Silver
148,JD-16060,Julia Dunbar,mariaanderson@hotmail.com,Silver
149,MK-17905,Michael Kennedy,sarahjenkins@hotmail.com,Gold
150,GT-14755,Guy Thornton,wlee@gmail.com,Platinum
151,AG-10900,Arthur Gainer,kcoleman@cruz-oliver.com,Platinum
152,MM-18280,Muhammed MacIntyre,fullerjennifer@gmail.com,Platinum
153,AR-10405,Allen Rosenblatt,uking@garcia.biz,Platinum
154,RA-19915,Russell Applegate,michaelaball@pena.com,Gold
155,AS-10285,Alejandro Savely,brandonsmith@mccoy.com,Platinum
156,LA-16780,Laura Armstrong,gregoryjohnson@yahoo.com,Silver
157,DO-13435,Denny Ordway,kathleensolis@yahoo.com,Bronze
158,DK-13225,Dean Katz,amurphy@yahoo.com,Silver
159,NG-18430,Nathan Gelder,travisdavid@yahoo.com,Bronze
160,MV-18190,Mike Vittorini,chavezjimmy@robinson.com,Gold
161,JG-15115,Jack Garza,ronald88@patel.info,Gold
162,BP-11095,Bart Pistole,stephanierobinson@yahoo.com,Gold
163,VP-21730,Victor Preis,sonyasmith@yahoo.com,Bronze
164,SS-20140,Saphhira Shifley,christinehopkins@hotmail.com,Platinum
165,AG-10675,Anna Gayman,oward@yahoo.com,Gold
166,LF-17185,Luke Foster,lbrock@cordova-matthews.com,Gold
167,RF-19840,Roy Französisch,cmorgan@yahoo.com,Gold
168,KH-16510,Keith Herrera,barbaracrawford@gmail.com,Gold
169,KC-16675,Kimberly Carter,thomaschelsea@yahoo.com,Gold
170,CJ-12010,Caroline Jumper,kimberlymartinez@wilson-martin.org,Bronze
171,PB-19150,Philip Brown,tina24@gmail.com,Platinum
172,MP-17965,Michael Paige,goliver@hotmail.com,Platinum
173,NF-18385,Natalie Fritzler,lestermichael@yahoo.com,Platinum
174,SD-20485,Shirley Daniels,heather30@yahoo.com,Bronze
175,KH-16630,Ken Heidel,angela41@hotmail.com,Silver
176,RB-19795,Ross Baird,martinpatrick@vaughan.com,Gold
177,MK-18160,Mike Kennedy,johnathanpadilla@york.net,Platinum
178,PO-19180,Philisse Overcash,deborah52@gmail.com,Bronze
179,BB-11545,Brenda Bowman,wintersadam@hotmail.com,Gold
180,TB-21595,Troy Blackwell,melvin57@johnson-holmes.com,Silver
181,RB-19360,Raymond Buch,fowlermichael@gmail.com,Platinum
182,EB-13705,Ed Braxton,matthewkramer@smith.com,Silver
183,SC-20095,Sanjit Chand,mileshenry@yahoo.com,Gold
184,TN-21040,Tanja Norvell,hnewman@jennings.com,Silver
185,JS-15940,Joni Sundaresam,parkerrobert@christian.com,Platinum
186,MH-17785,Maya Herman,kent72@gmail.com,Bronze
187,JP-15520,Jeremy Pistek,katherineramirez@white.com,Gold
188,JE-15475,Jeremy Ellison,scott17@gmail.com,Bronze
189,JG-15805,John Grady,annawilson@campos.info,Bronze
190,XP-21865,Xylona Preis,laura92@mccoy-richardson.biz,Platinum
191,EM-14065,Erin Mull,cindybutler@hotmail.com,Gold
192,MT-18070,Michelle Tran,joshua54@shepherd.com,Silver
193,SA-20830,Sue Ann Reed,keithleonard@howard.biz,Bronze
194,CW-11905,Carl Weiss,kristarodriguez@jones-adams.net,Bronze
195,AJ-10960,Astrea Jones,amanda11@lewis-ewing.com,Gold
196,SS-20590,Sonia Sunley,pamelasmith@ward-alvarez.biz,Platinum
197,RO-19780,Rose O'Brian,jackie11@hotmail.com,Silver
198,MD-17350,Maribeth Dona,hilltravis@martinez-tapia.net,Gold
199,MY-17380,Maribeth Yedwab,npeterson@brock-olson.com,Silver
200,CM-12385,Christopher Martinez,vallen@le.net,Silver
201,LS-17245,Lynn Smith,wrightregina@martinez.com,Bronze
202,BN-11515,Bradley Nguyen,sgarcia@kelley-larson.com,Silver
203,DB-13210,Dean Braden,hsanders@vargas.com,Platinum
204,MC-17605,Matt Connell,wardjohn@gmail.com,Gold
205,BD-11605,Brian Dahlen,alexander70@orozco.biz,Platinum
206,PH-18790,Patricia Hirasaki,kennedykelli@gmail.com,Platinum
207,MG-18145,Mike Gockenbach,henrymegan@williamson.biz,Bronze
208,KB-16240,Karen Bern,bailey89@gmail.com,Bronze
209,JC-15340,Jasper Cacioppo,calvin41@hotmail.com,Gold
210,RL-19615,Rob Lucas,kpatrick@richardson.net,Silver
211,AA-10375,Allen Armold,justinlawson@hotmail.com,Silver
212,EP-13915,Emily Phan,amandaburton@roberts.biz,Platinum
213,DK-12985,Darren Koutras,sararoman@gmail.com,Silver
214,BD-11500,Bradley Drucker,eanderson@hayes.com,Platinum
215,LM-17065,Liz MacKendrick,paynejohn@green.org,Platinum
216,AS-10135,Adrian Shami,mpatel@gmail.com,Bronze
217,BD-11320,Bill Donatelli,urobinson@myers-freeman.org,Silver
218,GT-14710,Greg Tran,steven01@bowen.com,Gold
219,AJ-10945,Ashley Jarboe,burnsmelinda@gmail.com,Platinum
220,OT-18730,Olvera Toch,msims@gmail.com,Silver
221,LP-17080,Liz Pelletier,maryroberts@hotmail.com,Bronze
222,CA-12775,Cynthia Arntzen,courtney35@gmail.com,Bronze
223,JF-15490,Jeremy Farry,hernandezmegan@gmail.com,Silver
224,FP-14320,Frank Preis,harveyivan@johnson-pennington.com,Bronze
225,EB-13840,Ellis Ballard,dfreeman@gmail.com,Silver
226,JF-15415,Jennifer Ferguson,williamsashley@yahoo.com,Bronze
227,SF-20200,Sarah Foster,wallacetanya@yahoo.com,Silver
228,TG-21640,Trudy Glocke,hpatterson@gmail.com,Bronze
229,CS-11950,Carlos Soltero,deborahprice@yahoo.com,Silver
230,CC-12145,Charles Crestani,marybell@hotmail.com,Gold
231,DV-13465,Dianna Vittorini,laurazamora@gmail.com,Platinum
232,BD-11725,Bruce Degenhardt,kimberly67@lewis.com,Bronze
233,ZC-21910,Zuschuss Carroll,wrightcassidy@yahoo.com,Gold
234,MS-17830,Melanie Seite,ywhitney@clark.info,Bronze
235,LR-16915,Lena Radford,xrussell@yahoo.com,Gold
236,TP-21130,Theone Pippenger,qallison@simpson.com,Bronze
237,CK-12205,Chloris Kastensmidt,millerallen@wells-sloan.biz,Silver
238,AS-10240,Alan Shonely,isexton@anderson.info,Platinum
239,AR-10510,Andrew Roberts,jason06@hotmail.com,Silver
240,NB-18655,Nona Balk,wnguyen@spencer.com,Silver
241,GD-14590,Giulietta Dortch,moorejoshua@yahoo.com,Bronze
242,CK-12595,Clytie Kelty,hwatkins@yahoo.com,Bronze
243,NG-18355,Nat Gilpin,bwright@summers.com,Bronze
244,CA-12265,Christina Anderson,melissamartinez@gates-brooks.com,Silver
245,SF-20965,Sylvia Foulston,willie16@gmail.com,Bronze
246,MO-17800,Meg O'Connel,nathan12@sparks.com,Platinum
247,AT-10735,Annie Thurman,smithleslie@hotmail.com,Bronze
248,FM-14380,Fred McMath,alexanderrichard@hotmail.com,Platinum
249,DJ-13420,Denny Joy,bryan46@strickland.biz,Silver
250,ME-17725,Max Engle,lisawashington@hotmail.com,Gold
251,JD-16150,Justin Deggeller,kathrynmyers@hotmail.com,Silver
252,JL-15835,John Lee,tmartin@garcia.net,Silver
253,SC-20305,Sean Christensen,lanefrank@hotmail.com,Platinum
254,CC-12430,Chuck Clark,kerrdavid@baldwin.com,Silver
255,AR-10825,Anthony Rawles,natasha36@hotmail.com,Platinum
256,SR-20740,Steven Roelle,stephaniebrown@gmail.com,Gold
257,CR-12730,Craig Reiter,connie64@hotmail.com,Gold
258,EH-14125,Eugene Hildebrand,anthonywilliams@baker.com,Bronze
259,SP-20545,Sibella Parks,michaelperez@hotmail.com,Silver
260,TH-21235,Tiffany House,thompsonchristina@hotmail.com,Bronze
261,RP-19390,Resi Pölking,candacebradley@miller-curtis.com,Platinum
262,RB-19570,Rob Beeghly,stephaniecollins@schaefer.com,Gold
263,CD-11980,Carol Darley,brandon80@long.com,Silver
264,DJ-13630,Doug Jacobs,emilyhebert@hotmail.com,Platinum
265,GT-14635,Grant Thornton,ecollier@hotmail.com,Silver
266,MC-17845,Michael Chen,richard86@lee.com,Silver
267,RA-19285,Ralph Arnett,kellerjustin@hotmail.com,Bronze
268,NP-18325,Naresj Patel,grossamy@gmail.com,Silver
269,AB-10165,Alan Barnes,emilynguyen@yahoo.com,Bronze
270,JO-15550,Jesus Ocampo,laurengarcia@yahoo.com,Gold
271,JK-15370,Jay Kimmel,williamhorn@james-aguirre.com,Bronze
272,BN-11470,Brad Norvell,patriciamendoza@gmail.com,Silver
273,DP-13165,David Philippe,smithleslie@lewis.com,Gold
274,TH-21550,Tracy Hopkins,rushphillip@cunningham.com,Silver
275,AP-10915,Arthur Prichep,iperez@gmail.com,Gold
276,RS-19765,Roland Schwarz,michael25@yahoo.com,Platinum
277,SV-20365,Seth Vernon,utrevino@gmail.com,Platinum
278,CK-12325,Christine Kargatis,curtistorres@collins.com,Silver
279,RD-19810,Ross DeVincentis,mark09@yahoo.com,Platinum
280,MR-17545,Mathew Reese,stephaniechandler@yahoo.com,Platinum
281,SC-20695,Steve Chapman,kyle05@moreno.biz,Platinum
282,JF-15355,Jay Fein,geoffreybrown@hotmail.com,Bronze
283,EG-13900,Emily Grady,christophersexton@gmail.com,Platinum
284,DS-13030,Darrin Sayre,nrivera@jackson-nunez.com,Silver
285,PO-19195,Phillina Ober,martinjohn@hodge-foster.com,Gold
286,SS-20875,Sung Shariari,lukeferguson@yahoo.com,Silver
287,PB-19105,Peter Bühler,lsmith@gmail.com,Platinum
288,RF-19735,Roland Fjeld,kelly00@miranda.com,Gold
289,YC-21895,Yoseph Carroll,garrettbrittany@gmail.com,Platinum
290,DC-13285,Debra Catini,petermorales@nguyen.com,Platinum
291,CP-12340,Christine Phan,ujohnson@wilson-hamilton.com,Bronze
292,BF-11020,Barry Französisch,stevenfisher@williams.com,Platinum
293,LH-17020,Lisa Hazard,natalie52@yahoo.com,Silver
294,CS-12250,Chris Selesnick,singhstephanie@gardner.com,Gold
295,AJ-10795,Anthony Johnson,andersonnathan@scott-garcia.org,Gold
296,BV-11245,Benjamin Venier,fisherchristopher@gmail.com,Silver
297,DL-12865,Dan Lawera,angelawilkins@yahoo.com,Gold
298,BM-11785,Bryan Mills,thomasreeves@fuller.com,Silver
299,LT-17110,Liz Thompson,morganstephen@patton.com,Gold
300,JK-15730,Joe Kamberova,greenmichael@hansen.net,Gold
301,ES-14020,Erica Smith,vschwartz@gmail.com,Bronze
302,RH-19495,Rick Hansen,mparker@hotmail.com,Gold
303,CD-11920,Carlos Daly,ccannon@rodriguez-clark.com,Platinum
304,HW-14935,Helen Wasserman,garnerjessica@johnson.com,Platinum
305,MC-18130,Mike Caudle,sandrafaulkner@ponce.com,Platinum
306,GM-14440,Gary McGarr,lori26@ford-brown.com,Gold
307,PJ-19015,Pauline Johnson,johnstanton@downs-ellis.info,Silver
308,BW-11110,Bart Watters,beverlybowers@yahoo.com,Silver
309,TR-21325,Toby Ritter,melissa95@gmail.com,Silver
310,PG-18820,Patrick Gardner,ashley53@hotmail.com,Silver
311,JL-15175,James Lanier,seanmiller@gonzalez.com,Gold
312,BM-11650,Brian Moss,rsanders@gmail.com,Platinum
313,EM-14095,Eudokia Martin,hilldebbie@martin-torres.com,Platinum
314,AF-10885,Art Foster,reyeslynn@hotmail.com,Silver
315,GA-14725,Guy Armstrong,mark95@hotmail.com,Gold
316,CK-12760,Cyma Kinney,scott39@anderson.info,Bronze
317,DP-13105,Dave Poirier,stanley88@walker.com,Platinum
318,BK-11260,Berenike Kampe,reneemelton@hotmail.com,Platinum
319,SJ-20125,Sanjit Jacobs,melissa51@yahoo.com,Platinum
320,CM-12445,Chuck Magee,krystal44@kim.com,Platinum
321,AJ-10780,Anthony Jacobs,hendrixjames@hotmail.com,Bronze
322,LS-16945,Linda Southworth,asmith@kim-stone.com,Silver
323,GP-14740,Guy Phonely,davissabrina@doyle.com,Bronze
324,PK-18910,Paul Knutson,jennifer97@davis-boyd.com,Platinum
325,SM-20005,Sally Matthias,terriwilkins@hotmail.com,Silver
326,AG-10765,Anthony Garverick,randy45@cowan.com,Gold
327,PM-19135,Peter McVee,alyssapearson@hamilton.biz,Gold
328,LL-16840,Lauren Leatherbury,housepeter@cooper-roach.info,Silver
329,JS-15595,Jill Stevenson,butlertina@yahoo.com,Bronze
330,EL-13735,Ed Ludwig,ashleygilbert@estrada.com,Gold
331,PC-18745,Pamela Coakley,reginald21@marquez.org,Platinum
332,HL-15040,Hunter Lopez,riverabenjamin@house.com,Silver
333,MS-17365,Maribeth Schnelling,matthew19@mcdonald.biz,Silver
334,GB-14530,George Bell,raymond11@moran.com,Gold
335,JR-16210,Justin Ritter,christian52@yahoo.com,Bronze
336,BE-11335,Bill Eplett,rodgerskenneth@hotmail.com,Silver
337,SC-20050,Sample Company A,williamrobbins@lester-anderson.net,Platinum
338,RW-19630,Rob Williams,christopher76@hotmail.com,Bronze
339,SE-20110,Sanjit Engle,thomasorr@garcia-golden.com,Platinum
340,AH-10075,Adam Hart,jessica95@yahoo.com,Silver
341,JM-15535,Jessica Myrick,saundersalexander@yahoo.com,Silver
342,JJ-15760,Joel Jenkins,hernandezstacy@montoya.com,Bronze
343,RK-19300,Ralph Kennedy,ernestwood@shepard-solis.com,Silver
344,CG-12040,Catherine Glotzbach,jenniferpowers@gmail.com,Platinum
345,RP-19270,Rachel Payne,ybrock@gmail.com,Gold
346,KC-16255,Karen Carlisle,michael98@davis.com,Gold
347,KH-16360,Katherine Hughes,cruzmisty@villanueva.net,Gold
348,GH-14665,Greg Hansen,xpatterson@peterson.com,Platinum
349,SW-20275,Scott Williamson,amanda49@gmail.com,Gold
350,JA-15970,Joseph Airdo,ufranco@mcclain.net,Gold
351,DL-12925,Daniel Lacy,hernandezmartha@hotmail.com,Bronze
352,LW-16990,Lindsay Williams,bruce41@yahoo.com,Silver
353,TB-21190,Thomas Brumley,brian70@odonnell-ritter.com,Silver
354,BS-11800,Bryan Spruell,albert91@hotmail.com,Bronze
355,RW-19690,Robert Waldorf,thompsonwilliam@green.org,Bronze
356,TZ-21580,Tracy Zic,cwilcox@franklin-ramirez.com,Silver
357,AS-10630,Ann Steele,michael29@carpenter.org,Gold
358,TS-21340,Toby Swindell,usilva@hotmail.com,Platinum
359,SL-20155,Sara Luxemburg,jonesscott@yahoo.com,Bronze
360,MW-18235,Mitch Willingham,hillbrittany@beasley.com,Gold
361,RD-19585,Rob Dowd,williamcollins@gmail.com,Gold
362,RA-19945,Ryan Akin,mark68@yahoo.com,Bronze
363,MT-17815,Meg Tillman,fitzgeraldmegan@chen.com,Silver
364,VG-21790,Vivek Gonzalez,rebeccahorton@hotmail.com,Platinum
365,JS-15880,John Stevenson,dmontoya@yahoo.com,Bronze
366,KM-16225,Kalyca Meade,patrickstevens@wheeler-joseph.com,Bronze
367,HR-14770,Hallie Redmond,alexanderhenson@hotmail.com,Gold
368,DE-13255,Deanra Eno,osbornepenny@hotmail.com,Gold
369,AG-10390,Allen Goldenen,johnroberts@yahoo.com,Silver
370,JJ-15445,Jennifer Jackson,aholden@mitchell-gonzales.com,Platinum
371,JH-15430,Jennifer Halladay,allisonphillips@shepherd-bailey.com,Bronze
372,RD-19660,Robert Dilbeck,francojose@yahoo.com,Gold
373,MO-17500,Mary O'Rourke,ajenkins@suarez.com,Bronze
374,NS-18640,Noel Staavos,kevin52@gmail.com,Gold
375,DG-13300,Deirdre Greer,oking@yahoo.com,Silver
376,NF-18595,Nicole Fjeld,akirk@gmail.com,Platinum
377,MG-17650,Matthew Grinstein,evanthompson@thompson.com,Silver
378,TS-21160,Theresa Swint,tmurphy@camacho.com,Gold
379,BD-11620,Brian DeCherney,simonelizabeth@gmail.com,Silver
380,CM-12160,Charles McCrossin,charleswillie@hopkins.com,Gold
381,SN-20560,Skye Norling,vclark@cobb.org,Platinum
382,EH-14005,Erica Hernandez,wsmith@brown.info,Bronze
383,FO-14305,Frank Olsen,william52@gmail.com,Silver
384,MS-17710,Maurice Satty,solistammy@barton.org,Bronze
385,CC-12100,Chad Cunningham,jeffreyward@miller.org,Gold
386,DW-13540,Don Weiss,obauer@hotmail.com,Bronze
387,BT-11395,Bill Tyler,kennethrogers@craig.com,Platinum
388,CY-12745,Craig Yedwab,ebony36@hotmail.com,Silver
389,BT-11485,Brad Thomas,zross@mills-mccarthy.com,Platinum
390,PS-19045,Penelope Sewall,jking@ramirez-miller.org,Gold
391,PV-18985,Paul Van Hugh,carlsonphillip@bush.com,Silver
392,NM-18520,Neoma Murray,xmcdowell@gmail.com,Bronze
393,DL-13495,Dionis Lloyd,mark50@yahoo.com,Platinum
394,CS-12355,Christine Sundaresam,gerald83@schultz.net,Silver
395,FH-14275,Frank Hawley,kwells@wilson-ward.com,Platinum
396,NC-18340,Nat Carroll,april03@hotmail.com,Bronze
397,AA-10315,Alex Avila,diazbradley@johnson.com,Gold
398,LT-16765,Larry Tron,cindy81@gmail.com,Silver
399,AP-10720,Anne Pryor,wwalker@gmail.com,Silver
400,PM-18940,Paul MacIntyre,danielgarcia@hotmail.com,Silver
401,AT-10435,Alyssa Tate,biancascott@gmail.com,Silver
402,CA-12055,Cathy Armstrong,jasonsims@woods.com,Silver
403,HR-14830,Harold Ryan,ybarron@hotmail.com,Platinum
404,BT-11530,Bradley Talbott,myoung@gmail.com,Gold
405,LH-16750,Larry Hughes,alanleon@yahoo.com,Gold
406,SW-20755,Steven Ward,nicole10@hotmail.com,Silver
407,SP-20620,Stefania Perrino,bullocklarry@miller.com,Bronze
408,BF-11170,Ben Ferrer,raymond10@willis.com,Bronze
409,KT-16480,Kean Thornton,john70@johnson.com,Bronze
410,BG-11695,Brooke Gillingham,kaitlyn06@nelson.com,Gold
411,GM-14680,Greg Matthias,bryancollins@hotmail.com,Silver
412,EJ-14155,Eva Jacobs,wileyabigail@zamora.info,Gold
413,NP-18700,Nora Preis,lmonroe@yahoo.com,Silver
414,MH-18115,Mick Hernandez,calhounchristine@ramirez.com,Bronze
415,JR-15700,Jocasta Rupert,larrymartin@mercer-cooper.com,Gold
416,SM-20950,Suzanne McNair,bestvalerie@wilson.biz,Platinum
417,CC-12220,Chris Cortes,nguyenanna@hotmail.com,Bronze
418,PF-19225,Phillip Flathmann,louis17@hotmail.com,Silver
419,DC-12850,Dan Campbell,ydecker@jones.com,Silver
420,BD-11770,Bryan Davis,alec20@lamb.net,Platinum
421,GM-14500,Gene McClure,ricardo45@gmail.com,Bronze
422,TB-21355,Todd Boyes,lisa54@jones.com,Platinum
423,JH-16180,Justin Hirsh,thomasashley@zimmerman-lloyd.net,Bronze
424,EB-13975,Erica Bern,fraziermichael@moore.com,Platinum
425,QJ-19255,Quincy Jones,melanieroberts@yahoo.com,Gold
426,TC-21535,Tracy Collins,wardalexander@gmail.com,Bronze
427,CS-12460,Chuck Sachs,myerskevin@ramirez.biz,Platinum
428,HG-14965,Henry Goldwyn,fknight@gmail.com,Bronze
429,LW-16825,Laurel Workman,powellsharon@ellison-neal.com,Platinum
430,MC-17575,Matt Collins,belltimothy@green-mason.net,Bronze
431,LP-17095,Liz Preis,troy22@gmail.com,Bronze
432,EB-14170,Evan Bailliet,robin41@gmail.com,Bronze
433,GZ-14545,George Zrebassa,iburnett@shaw-buchanan.org,Platinum
434,CP-12085,Cathy Prescott,ryan91@yahoo.com,Silver
435,FG-14260,Frank Gastineau,kelly46@ramirez.com,Gold
436,LD-17005,Lisa DeCherney,martinjamie@gmail.com,Silver
437,AB-10255,Alejandro Ballentine,tammiethompson@watson.biz,Bronze
438,MN-17935,Michael Nguyen,collinslori@gmail.com,Silver
439,JR-15670,Jim Radford,gregory02@burgess-ortega.com,Gold
440,JF-15190,Jamie Frazer,summersrachel@reeves.org,Silver
441,CM-12115,Chad McGuire,charlespratt@gmail.com,Bronze
442,AS-10045,Aaron Smayling,joshua51@yahoo.com,Gold
443,BP-11290,Beth Paige,rconley@newman-skinner.com,Platinum
444,ND-18370,Natalie DeCherney,dixonsarah@yahoo.com,Platinum
445,LB-16735,Larry Blacks,jerrytran@hotmail.com,Bronze
446,KT-16465,Kean Takahito,cynthia93@yahoo.com,Bronze
447,HM-14860,Harry Marie,gracesmith@hicks.org,Gold
448,AB-10600,Ann Blume,thomashenderson@campbell.info,Platinum
449,SZ-20035,Sam Zeldin,alex79@yahoo.com,Gold
450,MG-17890,Michael Granlund,katherinepope@gmail.com,Platinum
451,JK-16120,Julie Kriz,ashley58@hotmail.com,Gold
452,PP-18955,Paul Prost,misty23@moon.com,Bronze
453,YS-21880,Yana Sorensen,melissarobertson@hotmail.com,Silver
454,KM-16375,Katherine Murray,mariahjohnson@yahoo.com,Bronze
455,AB-10105,Adrian Barton,melanie08@hotmail.com,Gold
456,HA-14905,Helen Abelman,ojohnston@hotmail.com,Gold
457,BT-11305,Beth Thompson,bowerskiara@gonzalez.net,Bronze
458,SV-20815,Stuart Van,vbowen@hotmail.com,Gold
459,RW-19540,Rick Wilson,smithmitchell@gmail.com,Platinum
460,DK-12835,Damala Kotsonis,brianhicks@gmail.com,Bronze
461,ST-20530,Shui Tom,ronnie57@gmail.com,Gold
462,MM-17920,Michael Moore,imorton@gmail.com,Gold
463,PW-19030,Pauline Webber,hgalvan@gmail.com,Silver
464,SC-20440,Shaun Chance,brenda93@johnson.com,Platinum
465,TS-21085,Thais Sissman,eporter@yahoo.com,Gold
466,MC-17425,Mark Cousins,daniel72@mack.com,Bronze
467,ME-17320,Maria Etezadi,pbyrd@cowan.com,Silver
468,NH-18610,Nicole Hansen,rphelps@hotmail.com,Silver
469,MB-18085,Mick Brown,nancy15@wallace.com,Platinum
470,KD-16495,Keith Dawkins,wmarshall@stone.com,Silver
471,KN-16390,Katherine Nockton,christopher18@martin-morgan.biz,Silver
472,NP-18685,Nora Pelletier,nkennedy@torres-bennett.org,Bronze
473,CS-12505,Cindy Stewart,baileydavid@gmail.com,Platinum
474,MS-17770,Maxwell Schwartz,deckertracy@yahoo.com,Bronze
475,CM-12655,Corinna Mitchell,sarahgutierrez@martinez.com,Bronze
476,Co-12640,Corey-Lock,allenjasmine@rogers-norman.com,Platinum
477,TS-21370,Todd Sumrall,brady05@yahoo.com,Gold
478,JW-15220,Jane Waco,melissa73@yahoo.com,Gold
479,JD-15790,John Dryer,lauren60@mason.com,Platinum
480,PC-19000,Pauline Chand,mrivera@smith.com,Silver
481,AR-10540,Andy Reiter,jjohnson@king.biz,Platinum
482,AI-10855,Arianne Irving,youngsabrina@carlson-thompson.com,Silver
483,TB-21400,Tom Boeckenhauer,david52@mejia-combs.com,Platinum
484,PL-18925,Paul Lucas,howardshannon@hill.org,Gold
485,GH-14425,Gary Hwang,heather30@gmail.com,Bronze
486,MP-18175,Mike Pelletier,martinezkathleen@potter.com,Bronze
487,JM-15655,Jim Mitchum,ashley22@alvarado.com,Bronze
488,CL-11890,Carl Ludwig,eric39@martin.com,Gold
489,DB-13270,Deborah Brumfield,martinezzachary@valdez.info,Platinum
490,IG-15085,Ivan Gibson,robert64@yahoo.com,Platinum
491,BO-11425,Bobby Odegard,grant24@castillo-hill.com,Bronze
492,AB-10150,Aimee Bixby,matthew19@marsh.net,Silver
493,JW-16075,Julia West,romerorose@gmail.com,Gold
494,EB-13750,Edward Becker,bruceboyd@hunter-ballard.com,Bronze
495,SG-20470,Sheri Gordon,housejoseph@hotmail.com,Platinum
496,CM-12190,Charlotte Melton,nathanielayala@west.com,Platinum
497,AW-10840,Anthony Witt,mannmarisa@jarvis-strickland.info,Gold
498,MC-18100,Mick Crebagga,ericharris@james-sanford.com,Platinum
499,TT-21460,Tonja Turnell,neil56@peterson-leonard.com,Gold
500,VG-21805,Vivek Grady,ealvarez@yahoo.com,Silver
501,MY-18295,Muhammed Yedwab,phillipsbrittany@yahoo.com,Bronze
502,RD-19480,Rick Duston,hbell@hotmail.com,Bronze
503,DP-13390,Dennis Pardue,kwilliamson@young.net,Platinum
504,ML-17395,Marina Lichtenstein,michaelroberts@baker-simmons.com,Bronze
505,JC-15385,Jenna Caffey,nhester@hotmail.com,Silver
506,JG-15160,James Galang,peggy57@rodriguez.info,Gold
507,MC-17275,Marc Crier,catherinehoward@gmail.com,Gold
508,NW-18400,Natalie Webber,jamesli@wang.com,Bronze
509,TB-21280,Toby Braunhardt,richardjohnson@chaney.net,Bronze
510,BS-11380,Bill Stewart,lesternathan@morton.com,Platinum
511,HH-15010,Hilary Holden,jerrythomas@gmail.com,Silver
512,CD-12280,Christina DeMoss,omcdaniel@soto.com,Gold
513,TH-21100,Thea Hendricks,cindywashington@spencer.com,Gold
514,MM-18055,Michelle Moray,staffordbrian@peterson.com,Silver
515,NS-18505,Neola Schneider,bryan61@nelson-woodard.com,Bronze
516,RB-19645,Robert Barroso,michael81@powell.com,Silver
517,SW-20455,Shaun Weien,robbinslindsey@smith.net,Bronze
518,EB-13930,Eric Barreto,chamberspatricia@gmail.com,Bronze
519,PS-18760,Pamela Stobb,sherry54@gmail.com,Platinum
520,HF-14995,Herbert Flentye,tonyharrington@gmail.com,Bronze
521,HZ-14950,Henia Zydlo,kristen05@harris-gonzales.biz,Bronze
522,CD-12790,Cynthia Delaney,jerry35@sullivan-stephens.com,Gold
523,JK-15205,Jamie Kunitz,frances68@lewis.com,Silver
524,FM-14215,Filia McAdams,marshalldavid@yahoo.com,Bronze
525,ED-13885,Emily Ducich,hansenrichard@gmail.com,Silver
526,DA-13450,Dianna Arnett,kacevedo@hall-davis.biz,Gold
527,JW-15955,Joni Wasserman,arthurfreeman@yahoo.com,Silver
528,RM-19375,Raymond Messe,erikamendez@yahoo.com,Platinum
529,ML-17755,Max Ludwig,qtran@yahoo.com,Silver
530,CC-12685,Craig Carroll,dale55@gmail.com,Platinum
531,JE-15610,Jim Epp,kellydowns@smith.com,Silver
532,RP-19855,Roy Phan,michaelcarney@gmail.com,Platinum
533,TB-21175,Thomas Boland,michael87@spence.info,Gold
534,BE-11455,Brad Eason,ramirezcraig@fuller.org,Gold
535,JF-15565,Jill Fjeld,abass@ellis-smith.biz,Platinum
536,PB-19210,Phillip Breyer,zdixon@hotmail.com,Silver
537,BT-11680,Brian Thompson,hardywalter@richardson.org,Bronze
538,JL-15235,Janet Lee,davenportchristopher@smith.com,Bronze
539,CH-12070,Cathy Hwang,robinsonbrittany@yahoo.com,Gold
540,ND-18460,Neil Ducich,dandrews@jones-sims.com,Platinum
541,BF-10975,Barbara Fisher,wattsrobert@clark.com,Gold
542,KH-16330,Katharine Harms,jsmith@gmail.com,Silver
543,GW-14605,Giulietta Weimer,stephanieboyd@yahoo.com,Silver
544,NC-18625,Noah Childs,rhess@yahoo.com,Bronze
545,ME-18010,Michelle Ellison,nicholashorton@smith.com,Silver
546,BP-11230,Benjamin Patterson,lcrawford@brown.com,Silver
547,JC-15775,John Castell,greenelinda@gmail.com,Silver
548,AS-10090,Adam Shillingsburg,brooksarthur@young.com,Silver
549,AC-10450,Amy Cox,xmartin@garcia.info,Silver
550,MD-17860,Michael Dominguez,oanderson@yahoo.com,Platinum
551,DB-13660,Duane Benoit,jacquelinecox@thompson.org,Gold
552,EH-13990,Erica Hackney,mary91@hull.com,Bronze
553,EH-13765,Edward Hooks,jessicahorton@hurst.org,Bronze
554,SC-20230,Scot Coram,mthompson@hotmail.com,Bronze
555,JE-15715,Joe Elijah,carmen30@cervantes.com,Platinum
556,AC-10615,Ann Chong,jenkinsashley@hotmail.com,Platinum
557,JD-16015,Joy Daniels,armstrongjennifer@yahoo.com,Platinum
558,CB-12415,Christy Brittain,vlewis@kim.com,Platinum
559,JS-16030,Joy Smith,davidshaffer@sullivan.info,Platinum
560,LW-17215,Luke Weiss,stevenlove@hotmail.com,Platinum
561,SC-20800,Stuart Calhoun,mbrown@yahoo.com,Bronze
562,AM-10705,Anne McFarland,fsmith@blevins.org,Silver
563,RH-19510,Rick Huthwaite,gary83@hotmail.com,Bronze
564,CT-11995,Carol Triggs,andersoncorey@mclean.com,Silver
565,MC-17590,Matt Collister,mkane@brown.biz,Gold
566,CC-12610,Corey Catlett,joseph60@wright.net,Platinum
567,KA-16525,Kelly Andreada,riley47@ruiz-weeks.com,Gold
568,TC-20980,Tamara Chand,meyersnicole@hotmail.com,Gold
569,BF-11080,Bart Folk,jonathanfrye@mitchell-smith.net,Bronze
570,MM-17260,Magdelene Morse,ryan30@hotmail.com,Gold
571,AH-10120,Adrian Hane,dawnwilliams@gmail.com,Gold
572,BW-11200,Ben Wallace,llucero@jones-brown.com,Silver
573,SW-20245,Scot Wooten,suzanneclarke@swanson.com,Silver
574,BS-11665,Brian Stugart,anthony79@gmail.com,Platinum
575,RF-19345,Randy Ferguson,patrick54@yahoo.com,Gold
576,WB-21850,William Brown,margaret59@hotmail.com,Silver
577,TB-21625,Trudy Brown,denise77@hotmail.com,Platinum
578,AF-10870,Art Ferguson,qhamilton@lamb.biz,Bronze
579,RB-19435,Richard Bierner,christina62@gmail.com,Silver
580,KF-16285,Karen Ferguson,uthompson@suarez-may.com,Silver
581,JH-15820,John Huston,randysanchez@lopez.net,Platinum
582,IL-15100,Ivan Liston,charlessheppard@nguyen-parker.com,Gold
583,PB-18805,Patrick Bzostek,christophergriffin@richardson-gonzalez.com,Platinum
584,RH-19600,Rob Haberlin,coreyhayes@carroll.biz,Gold
585,AW-10930,Arthur Wiediger,kristenjimenez@chen.info,Gold
586,ML-17410,Maris LaWare,stewartoscar@scott-gonzales.com,Bronze
587,DB-13555,Dorothy Badders,johnjensen@gmail.com,Silver
588,MH-17620,Matt Hagelstein,james89@mills.org,Platinum
589,DK-13375,Dennis Kane,lynnangie@ponce.org,Bronze
590,BT-11440,Bobby Trafton,joeljohnson@hotmail.com,Bronze
591,DB-13405,Denny Blanton,ngardner@gmail.com,Bronze
592,TG-21310,Toby Gnade,scottbenjamin@gmail.com,Silver
593,BF-11005,Barry Franz,bhill@brock.com,Gold
594,JM-16195,Justin MacKendrick,mcdonalddavid@yahoo.com,Gold
595,MZ-17335,Maria Zettner,wendybaird@yahoo.com,Silver
596,MW-18220,Mitch Webber,rebeccasmith@hotmail.com,Platinum
597,MV-17485,Mark Van Huff,hernandezjohnny@gibson.com,Platinum
598,SM-20320,Sean Miller,nicholsrobert@williams.net,Gold
599,TP-21415,Tom Prescott,adrian77@turner.com,Bronze
600,JK-15625,Jim Karlsson,tom66@gmail.com,Bronze
601,PJ-18835,Patrick Jones,jasonowens@williams.com,Platinum
602,RS-19420,Ricardo Sperren,kdavis@walker.com,Gold
603,SV-20935,Susan Vittorini,tcampbell@hotmail.com,Silver
604,BC-11125,Becky Castell,taylorshelly@yang.net,Silver
605,EM-13825,Elizabeth Moffitt,edwardswilliam@parker-nolan.com,Gold
606,BM-11575,Brendan Murry,rebekahnguyen@hotmail.com,Platinum
607,KN-16705,Kristina Nunn,wacosta@barnett-miller.com,Silver
608,KW-16570,Kelly Williams,edwardmiller@williams-pacheco.net,Platinum
609,SC-20260,Scott Cohen,salazarjulie@edwards-jones.net,Platinum
610,CV-12295,Christina VanderZanden,mhaynes@campbell.com,Silver
611,SG-20605,Speros Goranitis,turnerashley@dodson.com,Silver
612,TM-21010,Tamara Manning,youngdorothy@harper.biz,Silver
613,EM-13810,Eleni McCrary,angela32@erickson.com,Bronze
614,ML-18040,Michelle Lonsdale,nhall@gmail.com,Platinum
615,CR-12580,Clay Rozendal,hunter19@gmail.com,Platinum
616,AZ-10750,Annie Zypern,alexandriahill@cooper.com,Silver
617,PW-19240,Pierre Wener,grahambrent@yahoo.com,Bronze
618,SC-20380,Shahid Collister,nicholsonjohn@harris.com,Silver
619,CM-11935,Carlos Meador,austin04@hotmail.com,Silver
620,GM-14695,Greg Maxwell,xpineda@barnett-neal.info,Platinum
621,TB-21250,Tim Brockman,meghangonzales@hotmail.com,Bronze
622,JM-15865,John Murray,shumphrey@yahoo.com,Silver
623,SC-20575,Sonia Cooley,hornelisa@solis.com,Platinum
624,LS-17200,Luke Schmidt,ortizsamuel@hotmail.com,Bronze
625,RR-19315,Ralph Ritter,leekevin@yahoo.com,Bronze
626,DB-12910,Daniel Byrd,terryanna@bates-murphy.com,Platinum
627,TT-21220,Thomas Thornton,michellecooper@velasquez.info,Silver
628,LO-17170,Lori Olson,sperry@hotmail.com,Gold
629,KD-16615,Ken Dana,ryan87@cervantes-williams.com,Silver
630,NB-18580,Nicole Brennan,amanda58@gonzalez.com,Bronze
631,BD-11635,Brian Derr,joseevans@yahoo.com,Platinum
632,CM-12235,Chris McAfee,jenniferrogers@smith.com,Silver
633,EN-13780,Edward Nazzal,abigailsmith@hotmail.com,Gold
634,KN-16450,Kean Nguyen,stephanie38@gmail.com,Platinum
635,BO-11350,Bill Overfelt,stephanie78@gmail.com,Silver
636,AG-10300,Aleksandra Gannaway,whenderson@hotmail.com,Gold
637,MC-17635,Matthew Clasen,gaillee@harper-benson.net,Silver
638,TA-21385,Tom Ashbrook,johnboone@webb.com,Platinum
639,JF-15295,Jason Fortune-,michellegray@bates.info,Silver
640,TT-21265,Tim Taslimi,bradleysarah@flores.biz,Platinum
641,SB-20170,Sarah Bern,randygonzalez@yahoo.com,Gold
642,CL-12700,Craig Leslie,adam47@gmail.com,Bronze
643,HG-15025,Hunter Glantz,angela55@gmail.com,Gold
644,NL-18310,Nancy Lomonaco,knightbenjamin@yahoo.com,Gold
645,RR-19525,Rick Reed,derekdavis@mccarthy-malone.info,Platinum
646,TC-21295,Toby Carlisle,rharris@yahoo.com,Gold
647,SV-20785,Stewart Visinsky,vthomas@yahoo.com,Bronze
648,BE-11410,Bobby Elias,gordonnicholas@gmail.com,Platinum
649,SC-20680,Steve Carroll,josephgutierrez@robles.net,Bronze
650,DF-13135,David Flashing,andradepreston@martin.info,Gold
651,FH-14350,Fred Harton,williamsjulia@coleman.com,Silver
652,MS-17530,MaryBeth Skach,ehill@yahoo.com,Bronze
653,RH-19555,Ritsa Hightower,wtownsend@gmail.com,Platinum
654,GA-14515,George Ashbrook,xmiller@clark-williams.com,Bronze
655,JP-16135,Julie Prescott,sarahparker@hotmail.com,Gold
656,Dp-13240,Dean percer,shermanvirginia@calderon-richardson.biz,Bronze
657,MO-17950,Michael Oakman,clarkalicia@hotmail.com,Bronze
658,DL-13330,Denise Leinenbach,martinezkristen@hotmail.com,Bronze
659,MH-18025,Michelle Huthwaite,stephanie53@gmail.com,Platinum
660,DR-12940,Daniel Raglin,dawnbarrett@hotmail.com,Gold
661,DM-13015,Darrin Martin,karen04@gmail.com,Bronze
662,CA-11965,Carol Adams,garciaamanda@martin.com,Gold
663,AC-10660,Anna Chung,suemcknight@gmail.com,Platinum
664,DM-13345,Denise Monton,qbrock@miller-baker.org,Silver
665,VF-21715,Vicky Freymann,alex95@moyer-baker.com,Gold
666,CC-12370,Christopher Conant,julieedwards@gmail.com,Platinum
667,BF-11275,Beth Fritzler,ssmith@wilson.com,Platinum
668,HG-14845,Harry Greene,vreeves@taylor.com,Silver
669,BP-11155,Becky Pak,margaret55@gmail.com,Gold
670,EM-14140,Eugene Moren,williamsjulie@gmail.com,Platinum
671,MA-17995,Michelle Arnett,woodtracy@compton.biz,Platinum
672,AY-10555,Andy Yotov,gwilliams@hayes.com,Gold
673,GB-14575,Giulietta Baptist,lauren44@schultz-shaw.com,Gold
674,JB-16045,Julia Barnett,ccherry@steele.com,Bronze
675,MG-17875,Michael Grace,fgreene@arnold.info,Bronze
676,SR-20425,Sharelle Roach,sanchezgrant@stephenson-lutz.com,Gold
677,JB-16000,Joy Bell-,zachary98@dickerson.org,Platinum
678,DM-12955,Dario Medina,donaldholt@yahoo.com,Gold
679,TC-21475,Tony Chapman,mitchell86@gmail.com,Gold
680,SW-20350,Sean Wendt,khall@bailey.com,Silver
681,RE-19450,Richard Eichhorn,fmeyer@yahoo.com,Silver
682,BF-11215,Benjamin Farhat,jessicagoodwin@huff.biz,Platinum
683,KB-16405,Katrina Bavinger,isherman@yahoo.com,Bronze
684,JG-15310,Jason Gross,karensolis@moody.info,Silver
685,EC-14050,Erin Creighton,marythomas@hotmail.com,Gold
686,EB-14110,Eugene Barchas,dianemonroe@evans.com,Bronze
687,JP-15460,Jennifer Patt,fdickerson@rice.com,Platinum
688,CS-11845,Cari Sayre,rpatel@hotmail.com,Platinum
689,GH-14410,Gary Hansen,nicholas52@mcguire.com,Silver
690,PT-19090,Pete Takahito,jamesvasquez@yahoo.com,Platinum
691,JL-15130,Jack Lebron,robertsandrew@yahoo.com,Silver
692,AH-10030,Aaron Hawkins,maddoxjustin@yahoo.com,Bronze
693,CC-12475,Cindy Chapman,lbryant@turner.com,Silver
694,DW-13195,David Wiener,sarahwalker@gmail.com,Silver
695,SJ-20215,Sarah Jordon,greendana@garrett.com,Gold
696,BG-11740,Bruce Geld,vjohnson@gmail.com,Gold
697,LB-16795,Laurel Beltran,vegaemily@gmail.com,Bronze
698,CM-11815,Candace McMahon,jade09@yahoo.com,Bronze
699,EH-14185,Evan Henry,tiffany58@yahoo.com,Gold
700,TS-21505,Tony Sayre,megan69@yahoo.com,Bronze
701,PR-18880,Patrick Ryan,alan27@wilson.com,Gold
702,LC-17050,Liz Carlisle,kellymurray@mcgee.com,Silver
703,CS-12490,Cindy Schnelling,erikadams@hotmail.com,Bronze
704,DH-13075,Dave Hallsten,bradshawkristina@murphy-smith.com,Platinum
705,JO-15145,Jack O'Briant,ypruitt@gmail.com,Gold
706,AH-10690,Anna Häberlin,wbrowning@holt.com,Silver
707,HJ-14875,Heather Jas,calderonamber@padilla.com,Gold
708,MH-17455,Mark Hamilton,emily56@hayes.com,Gold
709,RD-19930,Russell D'Ascenzo,melvin38@hotmail.com,Platinum
710,SC-20020,Sam Craven,hayesjonathan@patton-horn.com,Platinum
711,SU-20665,Stephanie Ulpright,alicia38@berry.net,Platinum
712,FC-14335,Fred Chung,jamesharris@griffin-rodriguez.info,Silver
713,RB-19330,Randy Bradley,bradleyrobertson@gmail.com,Bronze
714,NC-18535,Nick Crebassa,dmason@hotmail.com,Bronze
715,DB-12970,Darren Budd,orichardson@hardy-henderson.com,Platinum
716,MF-17665,Maureen Fritzler,hughesaaron@hotmail.com,Platinum
717,RM-19750,Roland Murray,aarroyo@hotmail.com,Silver
718,VM-21835,Vivian Mathis,garrettirwin@gmail.com,Bronze
719,EJ-13720,Ed Jacobs,shieldsdawn@gmail.com,Platinum
720,NC-18415,Nathan Cano,rasmussenrobert@martinez.com,Silver
721,LS-17230,Lycoris Saunders,mcruz@singleton.com,Gold
722,KE-16420,Katrina Edelman,smithsarah@gmail.com,Bronze
723,DH-13675,Duane Huffman,lisa92@gmail.com,Silver
724,PF-19120,Peter Fuller,qjohnson@clark.com,Silver
725,VT-21700,Valerie Takahito,williamcobb@pierce.com,Platinum
726,MG-17695,Maureen Gnade,rachel08@yahoo.com,Platinum
727,SP-20920,Susan Pistek,amy95@baker.com,Platinum
728,CS-12175,Charles Sheldon,brianmcdonald@gmail.com,Bronze
729,DK-12895,Dana Kaydos,cpatterson@miller.info,Platinum
730,KM-16660,Khloe Miller,pbernard@bauer-white.biz,Gold
731,AA-10645,Anna Andreadi,ahubbard@gmail.com,Silver
732,DD-13570,Dorothy Dickinson,sullivanbrad@garcia.info,Platinum
733,AH-10465,Amy Hunt,vmiller@blankenship.com,Platinum
734,TP-21565,Tracy Poddar,evansjames@murphy.org,Bronze
735,EK-13795,Eileen Kiefer,laurafletcher@davis.org,Gold
736,CR-12820,Cyra Reiten,marybutler@yahoo.com,Gold
737,SG-20890,Susan Gilcrest,amanda06@reynolds.com,Bronze
738,AH-10585,Angele Hood,villegasmatthew@carroll.info,Silver
739,NF-18475,Neil Französisch,charles51@robinson.net,Gold
740,BS-11365,Bill Shonely,danielchambers@gmail.com,Bronze
741,SH-20635,Stefanie Holloman,cookjimmy@tyler.org,Bronze
742,RD-19720,Roger Demir,ijohnson@spears.com,Bronze
743,AG-10330,Alex Grayson,travisroberson@torres.com,Platinum
744,GR-14560,Georgia Rosenberg,joshuahenry@wilson.com,Platinum
745,VS-21820,Vivek Sundaresam,sarah94@gmail.com,Bronze
746,TM-21490,Tony Molinari,jasonwhite@white-mcfarland.com,Silver
747,TS-21430,Tom Stivers,bhenderson@simmons-conner.com,Gold
748,DB-13360,Dennis Bolton,twoods@jones.net,Platinum
749,NR-18550,Nick Radford,kristen78@horne-wright.biz,Silver
750,CS-11860,Cari Schnelling,qtorres@curry.com,Gold
751,MF-18250,Monica Federle,kayla45@jones.org,Bronze
752,LW-17125,Liz Willingham,jthompson@yahoo.com,Platinum
753,AR-10345,Alex Russell,tina87@gmail.com,Silver
754,KS-16300,Karen Seio,johnsonmichael@walker.info,Platinum
755,AB-10015,Aaron Bergman,joneselizabeth@gmail.com,Platinum
756,LR-17035,Lisa Ryan,traceysimmons@gmail.com,Bronze
757,SS-20410,Shahid Shariari,freymelissa@hooper-jones.com,Bronze
758,JM-15580,Jill Matthias,wmoore@yahoo.com,Gold
759,JK-15325,Jason Klamczynski,crystalwhite@smith.com,Gold
760,DM-13525,Don Miller,eduardo95@compton.com,Bronze
761,ML-18265,Muhammed Lee,kaitlin30@yahoo.com,Silver
762,MH-17290,Marc Harrigan,shannonpollard@yahoo.com,Platinum
763,FC-14245,Frank Carlisle,michaelmurphy@gmail.com,Gold
764,TH-21115,Thea Hudgings,alanwilliams@hotmail.com,Silver
765,JK-16090,Juliana Krohn,lonnieyoung@gmail.com,Bronze
766,SB-20185,Sarah Brown,ralphmahoney@gmail.com,Platinum
767,BG-11035,Barry Gonzalez,brianmason@brewer-hernandez.info,Platinum
768,BW-11065,Barry Weirich,james38@yahoo.com,Gold
769,MG-18205,Mitch Gastineau,jonathan31@yahoo.com,Silver
770,DO-13645,Doug O'Connell,thomasturner@hotmail.com,Platinum
771,BP-11050,Barry Pond,allenjeffrey@hotmail.com,Platinum
772,TS-21655,Trudy Schmidt,andrewbaker@davidson-miller.org,Silver
773,EM-14200,Evan Minnotte,clarkdestiny@dixon-allen.com,Bronze
774,AO-10810,Anthony O'Donnell,jennifer03@thompson.com,Silver
775,MH-17440,Mark Haberlin,tbullock@gmail.com,Silver
776,SS-20515,Shirley Schmidt,qmckenzie@yahoo.com,Bronze
777,LD-16855,Lela Donovan,hhickman@hotmail.com,Silver
778,VP-21760,Victoria Pisteka,astone@hotmail.com,Platinum
779,TC-21145,Theresa Coyne,jmiller@shannon-ortega.com,Bronze
780,IM-15055,Ionia McGrath,jonesalan@yahoo.com,Silver
781,AR-10570,Anemone Ratner,shanecooper@ray.org,Silver
782,CM-12715,Craig Molinari,gonzalezkatherine@molina.com,Platinum
783,FW-14395,Fred Wasserman,williamsmatthew@hotmail.com,Silver
784,LC-16960,Lindsay Castell,david85@gmail.com,Silver
785,HE-14800,Harold Engle,gonzalesalexis@gmail.com,Platinum
786,BD-11560,Brendan Dodson,kwalker@rich.org,Gold
787,HD-14785,Harold Dahlen,brandyjackson@peters-brown.biz,Gold
788,CJ-11875,Carl Jackson,brandon64@phillips-edwards.net,Bronze
789,RS-19870,Roy Skaria,brianna89@hotmail.com,Bronze
790,SC-20845,Sung Chung,ashleymeza@gmail.com,Bronze
791,RE-19405,Ricardo Emerson,stephanie45@smith.com,Platinum
792,SM-20905,Susan MacKendrick,daviddavid@richardson-hall.com,Platinum
